Review,Rating
"Best smart phone under this price range compare to other phones in 2023 if you see overall build quality, performance and Camera with autofocus and video action mode are awesome
50% extra RAM compared to iPhone 13 and other more features. Best time to upgrade to iPhone 14 . I am so happy
See Low light photos are amazing..",5
Good,5
"Damn such a great phone. Camera is really good, battery lasts long enough, super smooth even though its just 60 hz XDR display. Videos with action mode on are insanely stable and crisp.The night mode can take some really good shots jn low light conditions .The whole apple environment itself is so seamless. I shifted from android to iPhone and it barely took any time since I had iPad and a mac already. With a just a few clicks the phone was ready to go.",5
Nice camera but battery drain fast specially on video recording,5
Nice UI and Fast,4
Unboxing overall good experience 😊,4
Awesome 👍,4
"Amazing picture quality, awesome design, mind blowing display and fabulous performance and specially very handy phone",5
"The best camera best design !!
1st iphone 14 !!
i tried all conditions light photo
the quality is best i was impressed with device
battery backup is good
perform is very impressive 🔥",5
Just amazing!,4.6
"Reasons to get it over regular 13
- 50 percent extra ram
- Better camera sensors
- Cinematic mode at 4k 30 fps (13 could only do 1080p 30fps)
- Action mode for super stabilised videos
- Better low light photos thanks to photonic engine
- Better battery life
- Extra gpu core for high graphics performance
- New improved modem for fast and efficient mobile connectivity
- Dual ambient light sensors
- Better camera flash
- Crash detection
- Satellite connectivity (though currently not in I...
READ MORE",5
"Excellent smart phone, Good battery backup and performance is very good, Good camera quality.",5
Thanku filipkart best phone in the world ❤️,5
"Just awesome....❤️🙌😌
Display Camera Battery Processor....
JUST WOW....✨💗☺️",5
Good,5
"Amazing product, love the design and the feel is awesome
Performance is very smooth.",5
Iphone 14 Nothing to say about it.... too Fast to furious... thank you Flipkart 👍,5
"The volume down button is struck and unable to volume up. The Flipkart team is saying it is open box delivery so they can't help.......how can we check the volume without opening/start the mobile, when i ask this question the customer support placing my call on hold and dropping my call",1
Amazing device for daily life about camera about sound quality all are good,5
Ultimate,4.6
Just perfect!!,5
Performance is really good and camera quality is fine,5
Amazing!pictures...📸 everything good 😍,5
Nice look badiya phone after one year use great working,4
"I used iPhone 12 mini and now upgraded with iPhone 14.
Camera quality is awesome.
Full day battery backup.
Super Retina display with high dynamic range is awesome.

In terms of camera and battery life is big upgrade for me.",5
"Very nice product, camera quality is just amazing everything seems too real.
Phone is very fast.",5
Excellent Product 🥳,5
Super camera.,5
Awesome phone with amazing features,5
The Much Better,4.6
Camera cinematic next level🔥🔥,5
"Just awesome!!
I switch to iPhone 14 from iPhone 12. The powerful chipset gives you smooth performance. No lags, no fancy UI, just delivers the best of it.

Camera is best. Battery giving a full day. Speaker sounds wide and clear.

Must buy!!",5
"Very attractive
Must buy
Love It❤️❤️",5
Camera is superb.nice phone,5
"It's a apple device .. that means you get the good old ios . No performance issue , supper ram and power management . My slightly distasteful remark would be on its camera .",5
Absolutely Awesome,5
Great picture quality. Performance is good as always. The important addition is the cinematographic video recording,5
An absolute beast. This is what you expect after paying such amount. Everything is perfect about this phone from build quality to camera to performance. Absolutely worth it.,5
Suddenly power off every 2 -3 min and battery percentage changes and Flipkart not replace mobile,1
"Happy to have iPhone 14. Wonderful phone specially because of Powerful camera😍, perfect screen size and potentially battery life make it worthy.",4.6
"Absolutely Awesome, Switching to iPhone was not easy but once i started using this phone. I am loving it.",5
After a losts of efforts when you get then Just Awesome 😊,5
Nice,4
"I switch from x r to 14 great experience
Best display and sound quality and some fabulous changes in camera is also.great",5
"Totally in love with my new iphone 14. Battery backup is amazing which I never expected from Apple to be very honest.
Built quality is excellent and it looks premium. Camera quality is excellent as well. True to life color reproduction, Indoor conditions amazing, night photos are good, facial tones are very good, day clicks are amazing. In short it's an amazing exp. Selfie cam also produces very good quality images.",5
Excellent camera 😍,5
Just wow😍😘,5
Excellent build quality. Much faster and smoother,5
Decent purchase:),5
"My 1st IOS device so far good😊
Midnight Black the best you can have, the Camera quality is excellent along with the multitasking performance. Go for it!",4.6
What a phone.,5
Nice looking phone.,5
Thanks Flipkart for this all new iPhone without any problem I got it and I'm finally Shifted 5 years later redmi not 5 pro to new. iPhone 14 i really do hard work for this thing Last 8 month Thanks 😊 I'm happy 😁 ❤️,4
Nice,5
awesome build quality and features,5
"Purchase on First day sale in BBD23.
Will share full review after use.
I am shifting from Android to IPhone.",5
Excellent camera😊,5
Looking Awesome ✨✨,5
Love IPhone Dream IPhone..💜😍✌️🖤,5
Best phone but same as Iphone 13. There is no difference in 13 and 14.,4.6
Really an overall great product,5
"Best in the market.
Camera quality awesome
Battery easily goes for a day
Speakers are really good.",5
"iphone is great
Canera qulity is best
Battery is powerful
All dizine best
Work all best
All over best",5
sound quality is very good 👍,5
Loved it 👍,5
Best Phone in market.,5
Awesome camera,5
"4 out of 5
Phone was so handy and superb",4
"I've recieved defective product and no one is taking responsibility of it now
Flipkart saying go to apple, apple saying ask Flipkart for replacement.
The wifi is not getting connected and once it gets connected, it keeps getting disconnected after 5 minutes and when I'm playing any live video on the phone it's keeps lagging and hang in the middle. So frustrating.",1
"Review after a week

Overall a powerful package for photo, video and gaming. Only thing which could have been better is battery, though it works whole day with low usage , but extensive use it would not go beyond half day.

Camera 4/5
Pictures in full zoom- 3
Sound quality- 5/5
Display- 4.5/5
Performance- 5",4.6
This is my first IOS device and I like it..I gifted this to my younger brother and he loved it. iPhone in-hand feel is damn premium 🙌🏻 also the camera quality is top notch to be honest I bought this phone only for smooth processor and camera quality. Just go for it,5
Very poor delivery service. I didn't exchange the phne and delivery executive charged me extra then what was required to pay and after calling flipkart customer very poor response from them . Not with buying goods for flupkart,1
Very smooth and camera is awesome 😍,5
"Best in class in all the aspects. Top notch performance for display, camera and everything.",5
My First iphone experience even though its 60hz refresh rate but feels so smooth and optimized and performance is top notch🔥..if u r looking for an iphone 13..go for i phone 14 trust me u will love it❤️,5
Nice,5
"Five stars for the iPhone and
Zero star for Flipkart exchange policy.
My exchange phone was in good condition but still during exchange the price was reduced drastically.I was aware of this exchange scam and decided not to give the old phone.",2
awesome phone..i switched from android to ios first time and became a big fan of ios. Performance is excellent and display camera everything is awesome❤️❤️.,5
Best Performance,5
Value for money product if you get the deal around 65 k .,4.6
Nice one,5
Love it,5
I'm happy with the phone and the deal I got from the Flipkart.,5
Best camera phone,5
Amazing Product 😇💯,5
Good one got it around 67k . This is my first Apple mobile. Took time to get habituated to apple eco system but worth the wait. Simple and easy.,5
It looks so pretty 🫣❤️,5
Quality + Performance + Integrity = Apple Inc,5
Nice Cinematic Video and Portrait photography,5
"No doubt, awesome product, go for it",4.6
"Simply superb so far
No complaints as of now
Phone was delivered within one day after order",5
Best quality,5
You ever Heard the word Satisfaction...Yesss that is exactly how it feels to have it.,5
"I simply love it
🥰🥰🥰🥰🥰
Camera quality 🥰
🔋😍😍
Very happy 😊",5
"I wanted to buy yellow colour but that was not delivering on my pin code so went for this colour.

After receiving this, I have no regression.

Love this.

iPhone heats a lot because of its built. Its frame is steel and the back is glass but it has great things when it gets hot, it restricts some features to cool it down.

The camera is good, sometimes it misses focus.

Performance is the best part of it.",5
Over heating normal use,1
Amazing camera❤️❤️❤️,5
I just love this phone for the 1st time and the performance is awesome just wow camera quality battery everything is awesome . I prefer anyone who can use this phone . Iphone using it for the 1st time never getting any problem . Just thank you Flipkart for providing me these at low cost as compared to retail shops . Thank you Flipkart and Apple . Just love it .,5
"Amazing device
I switch to iPhone 14 from iPhone 8. Great camera and power management full day battery backup. Sound quality and display also awesome. Just go for it if you have enough money",5
"Excellent Smartphone, Amazing Picture quality, Good sound quality",4.6
Awesome deal Tq Flipkart.IPhone 14 was powerfully packed 5G .Battery is good.Cameras next level .finally iPhone 14 is superb.loved It,5
Very good phone,5
Superb performance,3
"Genuine and nice,worthy upgrade considering technical enhancements over IPhone 13(may not be for 13 users),like better sensor and low light performance, extra 2gb ram,5 core Gpu(as in 13 pro) and longer ios support.New ios 16 is stable.Flipkart service is good.",5
Camera and battery Quality us best in this segment,5
iPhone 14 starlight 🤍 beautiful design excellent camera great battery. I think it is better than previous year iPhone 13. Go for it 👌,5
I don't know why people never talk about its heat issue.. i was Android user first time using iphone 14.. bro it heat like tawa when charging. And even normal use too. I was planning to buy Google 7 but then I saw so much user saying Google 7 have heat issue so I decided spend some more money go for iphone as lots of people never say any negative for iphone... Trust me I will never buy iPhone again...,1
"I using this mobile for 2 days before I using Samsung m30 so..... This iPhone was very handy
Performance a15 bionic with 6 core processor
We can't find the difference day to day life soo...this is awesome next camera camera is top notch I don't how to tell in words this very good camera same as dslr and videos is soo good quality but action mode is take 2.8k resolution and in dimlight is was sooo bad so while you take with action use gimbal ..... And over all the phone very good 👍",5
Good,5
"Very good purchase.i bought it for my wife as a Padwa gift.
but just my views on purchasing this expensive phone- if you are using Iphone very lower version go for it but if you are already in iphone 13 or 11 do not spend money,its not worth.no much change.
but if you have lots of money then go for it.
wife was using iphone 7 hence i purchased this latest one.
now no purchase atleast for 6 years. iphone 7 also used 5 years and believe me it has no issues at all, but the only problem was batte...
READ MORE",4.6
"Great phone with great capabilities 🔥
Excellent camera 📸
Processor same as my 13pro
New blue colour is awesome ❤️
I have :- 14pro . 13pro . 12. 12mini . Also new this one iphone 14 . One thing is common in all have , there is no lag till the date.
The one thing I always said it is what it is🔥🔥",5
Very nice,5
Good nice trusted i checked everything i was conserned about weather I'll get fooled by delivery and all but it was new i checked everything as people used to say we get refurbished phone no it was good new fresh,5
Thanks for Flipkart,4
"Very disgusting, my iphone battery health goes 99% within 22 days of purchasing. Even I'm not played a single game 👎👎👎",1
No issues with product but flipkart services very bad,1
Superb quality,5
"Iphone 14 Awesome 😍😍 . Easy to carry i phone . Light weight. And very effective in daily usage. Battery is effective according to daily usage. Pictures, sound output, is always the best.Camera is always amazing ( cinematic video is wow). Colour is awesome 🙂🙂 overall very good 😊😊",4
Superb,5
Do I need to write a review? The name is enough. Apple ❤️😂,4.6
I think this is wow what a performance camera too good love it,5
"Better than iphone 13. Especially that 13 number is considered unlucky. Moreover, better camera, battery, quality. And finally, color purple is very nice
Namaste🙏",5
"Nice camera.
Amazing night mode.
Battery performance good.
Loving it.",5
I love the product. Love the camera.,5
Amazing picture quality❤️👌🏼👌🏼,5
good. Go for it...,5
Worth buying....,5
Astounding,5
Don't buy..... More heating,5
Mic not working,4.6
"The iPhone 14 is a solid choice for those looking for a high-quality smartphone experience. The camera is top-notch, the performance is smooth, and the design is sleek and modern. However, there are a few drawbacks to consider when comparing it to Android phones.

One of the biggest cons of the iPhone 14 is its lack of customization options. Apple has a strict policy on what apps and features can be used on their devices, which can be frustrating for users who want more control over their pho...
READ MORE",3
Product is amazing as expected from iphone. Got this recently in a sale with a whopping price of 63k including all discounts. Loving it!!!!,5
Handy. Premium felling,3
Superb camera and performance... Battery life is also good.... Great Display and awesome looks... 60hz refresh rate is better than android 90hz... Loved it ❤,5
Nice Phone.,5
Thanks Flipkart service is fine nd it comes in a 2 days.product is genuine nd I love it,4
It's a perfect mobile. Comfortable in hands... Size is good. Looks so classy. For me it's the best,5
Best one. Have not used a better mobile than this yet. currently one of the best phone in the market.,5
"First iPhone I'm so excited 🙃
It is wonderful, good battery performance for gamer ✌️",5
"The product is fine, the buying experience was horrible. Better to avoid buying anything from Flipkart.",4.6
"Unnecessary am taking iPhone 14 totally waste of my money..phone is too much heated while charged like china mobiles any time may blast..even fully charged within 3,4 hours usage charge comes to 🪫",1
"Defective product,green line issue",1
Good,4
"I was an android user since six years ,
Upgraded to iPhone 14 and it is worth it
Features are next level 👍",5
Best smartphone I can get my hands on till this point of my life.,5
"No two ways , it's a great product, I haven't used iPhone before, this feels real good phone , great battery life , iOS is really better in stability and speed",5
Overall good product,5
Please do not buy anything from Flipkart especially electronics with an exchange. I received iPhone 14 but the old phone was nerve picked up for an exchange and it has been 20 days now without an update.,1
Nice phone but improvement of design,4
"I am very happy with the purchase , i was confused between blue and yellow but yellow is very bright and refreshing color and look different blue is also nice but after putting back cover we can not differentiate if its is iphone 13 or 14 better go for yellow iphone its very bright and attractive lot of people asked me if i bough new iphone or something thankyou flipkart now comes to the performance battery is good display is very smooth looks very premiums n feels very premium. Go for it",4.6
Flipkart sold a cosmetically defective product and never took ownership and replaced it. Terrible customer support and issue resolution from the team. Please never buy high value goods from Flipkart. Don't waste your money. Buy directly from Apple; their customer support is excellent.,1
Battery percentage dropped 4%in 2 months,2
Great performance,5
Best product,4
Battery very low time not supporting Flipkart,1
"✓Comfortable, high-end build
✓OLED screen looks fantastic
✓A15 chip performs great
✓Good camera upgrades
✓Dependable battery life",5
Highly recommended best price since launch loud speaker is amazing display is another world nothing to say it's overall quite amazing phone dont think ggo for it,5
Battery performance too low,1
No words,5
"All rounder phone
Handy phone
Best camera battery performance",4.6
Nyc phone,5
Awesome device form apple just go for it and main point is Flipkart delivery facility is best.,5
I don't like colour and speed is very slow,1
"Hang issue , feels like used slow iphone",1
🍎Apple 14 i like it,5
"Powerful A15 Bionic chip
Long-lasting battery life
Improved cameras
New Cinematic mode for video
Sleek and durable design
Sharp and vibrant display
5G connectivity
iOS 16 with new features and customizations
Available in four colors: Midnight, Starlight, Product Red, and Purple",5
Best iPhone ever,5
Excellent.,5
Nice performance,5
Perfect as per reputation of the iPhone. Having pride of owning this piece of iPhone- Assembled in India 🇮🇳,4.6
Great product,5
I was a little sceptical about the red color but it looks premium. Amazing feel and touch. Love it..,5
Pic quality is good,5
"Received original and genuine product on 16 febuary
Thanks flipkart",5
"I Phine 14 ☺️
Nice Product 👍 , Good Quality 👍 , i am very Happy 😊",5
Premium Product,5
nice 😍,5
Loved it,5
"The iPhone 14 a gorgeous design, full 5G support, great cameras and strong performance. However, you don't get a 120Hz display or telephoto lens.Greet work flipkart your agent is really supportive.",5
Performance of phone is not satisfying. Camera performance is very poor in comparison to other I phone 14. It seems that we have received defective model.,4.6
Awesome picture quality,5
Excellent phone,5
Nice,5
THE product is genuinely awesome.. and can't stop my etes from looking into the product.. Awesome work by APPLE and good customer support from seller and Flipkart...THANKS FOR THE PRODUCT... GO FOR IT,5
Good....,5
Bad refresh rate at this price point. It looks way too slow after using Android phone above 90 hz display,1
Best camera,5
"As expected, excellent pdt from Apple, stunning look, superb durability and great performance. Thanks to Flipkart for a fantastic offer on this product and timely delivery.",5
Osm Mobile it is my 1st experience in iPhone 14 series I m satisfied,5
I am so happy to have first time i phone 14. My experience is outstanding to have this phone.But i wanted to have i phone 18 fortunately i have this now.,4.6
Facing heating issues while playing video and using camera,4
"Cameras quality is 🤩, all rounder phone",5
Worst phone,1
"I switched to 14 from Xr means LCD to OLED DISPLAY😍
And the display was just awesome
Battery is effective according to daily usage
Top notch performance
Best in class mobile 👌🏼",5
Recommended,4
Looking 🔥..i lv this,5
Awesome.. packed well and safe delivery.,5
Good,4
The colour is fantastic ☺️ and performing very well value for money,5
Superb camera quality,4.6
"First ever experiencing Iphone. Being an android user and switching over to Iphone and using it for a day makes me a step away from android.

1.Top Class Performance
2. High defined Camera and Cinematic Video
3. Pocket friendly comparing pro and plus models
4. Have a concern on Battery , though drains on a single day usage - It doesnt means a negative feedback since its 20W Charger charged from 3 to 60 at a time of 10 minutes. I was too surprised- The best class in Apple Series.

Last but n...
READ MORE",5
Good,5
Good overall camera. Good specifications. But according to me S23 performs slightly better in terms of photos and portraits.,5
"Hi, after using this device for 6months these are my experiences.
1.) Light weight device, easy to carry in pocket.
2.) Amazing battery backup.
3.) Apps performance are good.
4.) Sim network coverage is not Upto the mark, even with slight network drop tower goes off. Same SIM card has full network on another device but with this model of iPhone it is not the case.
5.) Always have to switch between flight mode and normal to get the sim network.
6.) Noise cancellation is missing, After paying c...
READ MORE",3
Amazing.loved this colour.,5
The device is heating up on the first day itself,1
Not good as compared to Samsung s23,1
Camera not batter then galaxy s23,1
Hang hang hang,1
"After using for 2 weeks, conclusion :
Battery drain very fast. It took 2 time a day for charging
Camera is not good as I thought
Display 60hz is smooth but not great
Apple system is very classy
If you are middle class family member then don't go for it. Android is far better for uses
Don't overhyped",4.6
Gifting the iPhone 14 to my wife on her birthday was a fantastic decision. She absolutely loves it! The camera upgrades have brought so much joy to her daily life. She can't stop raving about the picture quality and how it helps her capture our family moments beautifully. The elegant design also resonates with her taste. It's not just a phone; it's become an integral part of her daily routine and her favorite gift ever. Seeing her happy with it makes it a great choice for me.,5
Phone is good but battery drains too much,4
"I bought iPhone 14 in big billion days. Very happy. Excellent Product delivery
Excellent haptics
Excellent Performance
Excellent Camera
Excellent In hand feel
Excellent Eco System if u have other apple products
❤️ From Ooty

Thank you Flipkart for the big billion days 🎉",5
Good camera quality,5
Superb,5
"Thank you Flipkart, I am very happy with the phone, thank you very much, it is a very good phone.❤️😍☺️",5
Pic quality is improvised.. lighter weight .. grip is better 😎🤓😎 I enjoyed it !!,4
Best,5
"I had upgraded from XR to 14.. So it’s amazing❤️
But if you are already using 13 means, either upgrade it to 14 pro or don’t buy this.
Ditto as iPhone 13.",5
This is not really an upgrade from my iphone 13 but it's okay. I'll suggest if you're having iPhone 12 or 13 then use that only because you won't find any big upgrade if compared to.,4.6
Best,5
Build quality is very bad after days speaker is not warm fine,1
"Everything is well and good. But camera performance in artificial light is not upto the mark. Battery mAH is less, however you can handle it smartly.",5
Videos from this are just awesome. Performance top notch as expected from apple.,5
Super,4
Nice,5
Outstanding product,5
Heating issues,1
"I got with in a day after I ordered,really happy with the product and service",5
"Lovely phone.. camera is very good 👍
Awesome product.....",4.6
Battery health decreased from 100 to 99 after 20 days of normal usage..poor experience,1
"Battery charge very fastly with my macbook adapter but I'm worried if they don't damage battery health
Overall phone is good.

Camera: Photo: 4/5, Vedio:5/5 Best for vlogging.
Audio: 5/5 Very Loud.
Display: 4.5/5 i did not like Yellowish colourtrue tone.
Battery: 4/5 ok but if they give charger free then I'm so happy or over heat during charging.
Performance: 4.5/5 okay for daily use.",5
Great product at this price range i am very happy to get this product,5
"Amazing phone 😍😍
Nice performance
All are good 👍🏻
Nice look and best camera",5
"After using android for 10 years, and having used 12+256 gb android phone in last 2 years, iPhone 14 lacks in performance in every aspect. Camera- normal. Battery backup- okay, battery charging- pathetic. Those who say iPhone does not hang is a person with slow mind. Most of the apps are buggy. Very slow and loading takes a long time. iPhone offers few gimmicks but not worthy. Do not fall in trap. Most iPhone users know, iPhone is just like a heavy crown made of rusty iron on your head.

Ea...
READ MORE",1
"Heating issue. Phone gets heated on charing. on using camera sometimes on idle.
Waste of 70K. Ten thousand rupees Android phones worked better for me.
Go for it only for showoff",1
Nice product liked it,5
Nothing is bad in this phone i am using it for 1 month but tbh it did not meet my expectations .Looking at the price point i beleave it should not be sold greater than 40k.This is my first Iphone i just hope in the long run i get the value in return.Its a dream for many indians to own a iphone atleast once in a life time i believe now that there are so many offers its not as hard as owning a iphone as it was before.You should always fullfill your dream no matter what is the cost,4
Have recently moved over from Android to IOS. Felt very happy about it.,4
"Seems like a ordinary phone I am using. Not getting any feeling to have extra wings added to me like the craze among people to show off.
In overall nothing extra I got in this.",4.6
"Overall good experience (4 months review)

Display : 60hz but impressive,

Camera: if lighting condition is good then it can click very good photos but incase of poor lighting not good experience at such price point.

Battery: It can give 5-6 hr of screentime, it can sustain whole day with single charge.but Battery health reduces 1% in my 4 months of usage which is quite shocking for me.

Charging: Charging speed is quite good with 20w charger but at such price point it could be better.

Conc...
READ MORE",4
Iphone14=camera+battery +processor with brand,5
Superb phone. Design could have been new but good performance . Purple color looks pretty decent. Light shade.,5
Nice,5
Battery performance is worst after using 1 month my iphone battery health reduced to 98 percent. Iphone is worst in terms of of battery performance,1
Very good phone,5
"Been a week n phn is getting hang , being an iphone, issue is there",1
ok but not perfect,3
"More than the product, I love FK for their discounts",5
Apple is always Love❤️❤️ Awsome performance and camera🔥🔥,4.6
"Everything was perfect except package.
When we buy something costly least flipkart can provide is give a better packing to safeguard the product. Iphone was in this cardboard cover could have provided bubble wrap or something else for safety",4
Battery not good,1
"It's a nice phone, camera is great, gaming is great. Battery is only 3270 mAh, it should have been around 4500-5000 mAh",5
Not good waste of money,1
Nothing to say just go for it..🔥,5
I really totally satisfied with my phone.,4
Nice but expensive,5
"Best phone in this price range..

Camera-5/5
Battery-5/5 easily full day backup
Performance-5/5
Display-5/5
OS-5/5
Everything abt this phone is perfect!!",5
"Apple is awesome.
I like all aspects of this phone from design, camera, os and battery. I am loving it.",5
"Powerful processor
Great display
Great camera
Less battery",4.6
"Performance - Amazing.
UI exp- amazing...its simple. But sometime annoy.
Battery- around 9hr normal usage(camera use). Pubg game - 6hr apprx.
Display- its good but I do not like to watch movies or tv series in 6.1 size screen. Better go for plus model.
This size is handy.
Gaming - sometime get sticky (due to heating) while playing pubg (HD quality). But overall run smooth. Do not forget to enable gaming mode and and guided acces.

I find this phone suitable for daily purpose. It take less ti...
READ MORE",5
In love with the camera🤌🏻,5
The smoothness of the phone is excellent. Battery is okayish if you switch from android. Camera is one the best.,5
Giving screen frozen(not responding)and heating problem within a month,2
🤷 what are u expecting me to say? You already know Iphone is Iphone,5
Switched from Xiaomi 12 Pro that was a heater means heats lot much it is very cool device I also used iPhone 13 but it has little bit more better that iPhone 13 best device,5
The phone is simply incredible. Very smooth and camera is awesome.,5
Great product with best seller. I’ve puchased it as a gift for my wife. 😊,5
"Good thing is 5 years of software updates and security updates. If you don’t charge the phone often, this is the good phone to go for.",3
Dream come true 👍 ✨️,4.6
"Definitely go for it ,iPhone 14 best front camera ever",4
Worth of money.!,5
Just amazing,5
Nice,5
Heating issue coming,1
Without doubt my first iphone proved that it is far better than Android phones. Battery may not work more than 15 hours if you have lot of calls and activities. 14 and 14 plus both are excellent since my colleague purchased 14 plus since he need bigger display. You can go for any 14 series according to your requirements.,5
Fantastic 🔥⚡️,5
Awesome phone,5
Best phone under this price range ...,5
With a month speaker not working,4.6
Nice,5
Super mobile 😘😘,5
Product is over heating during charge,1
"I upgraded from iPhone 7 Plus. I experienced a huge improvement in several areas of my daily usage.
$$$$$$$$$$$$$$$$$$$$$$$$$$$$$$$$$$$$$$$$
I recommend you buy iphone 14 instead of iphone 13 for various reasons:
Additional 2 GB RAM
Larger 5G antenna which helps with faster 5G speed
Improved cameras
Crash detection
Satellite connectivity to send emergency messages.",5
Very good 💯,5
Nice phone🔥❤️,5
Really nice,3
Camera quality is very good,5
"I Purchased I phone 14 , and after 10 days it went dead, don't purchase it",1
This phone is good i use phone in 20 days than I realised the phone is very well,4.6
Tq Flipkart ❣️,5
"Probably the best purchase of my life . There was too much traffic during the sale . Ahh Im totally satisfied with the product . The camera, battery, display is ossm ,for new buyers go for 14 rather than 13 .",5
My first iPhone so lovely 😻,5
"Awesome Phone, camera is too good, This is my 4 th I phone from Flipkart",5
"Now it's a value for money deal.
Iphone 14 is a lot better than 13 in performance.",5
When I put a charge phone is heating,5
Great,5
"One of the best brand all features are good
Thanks Flipkart",5
Phone is awesome BUT whats up with the front camera ?! Ip6 X 11 12 13 take better pictures from front camera.,4
Best mobile ever nd Yellow colour one of my favorite,4.6
Product is good...bt battary is average.,4
Good product red,5
Value for money,5
I feel sad to see the charging time and camera quality. Also double tap in back side is very unresponsive and time taking,1
Very good ✌️😍😍✌️,5
"Battery life is not as good as i thought it would be. Transferring through an android phone and forgot to use move to iphone application, don't make this mistake. Otherwise overall good phone. The photos are pretty good actually ( main reason why i spend so much money behind it lol ). Other than that, it's an apple so yeah theres that.",4
Very good... Value for money,5
This Product is genuine,5
Happy .....,5
"Excellent phone, but honestly camera quality not up to samsung flagship..",4.6
Superb 😍,5
overpriced brand outdated features just marketing gimmick,1
"Phone is good but some bugs in the phone.
Camera is good
Performance is good
Design is good
Battery performance is ok
Purchased that phone in January and battery perform good when you have low usage and in heavy usage battery draining fast.",5
"Item is good, But I did not like the behavior of the delivery boy.",1
"This mine 3rd IPhone Model
iPhone 5s : Best one when I started android to apple
iPhone 6s : Best Camera Poor Battery

Finally iPhone 14

One of best iPhone i used : fantastic camera : Good battery life. Super fast face lock system. Good charger comparing old iPhones. Happy to having this powerful iPhone-14.",4
Back glass very low quality,1
Good upgrade and at good price .,5
Nice product,5
"wow first time shifting from android to ios
n its sooo amazing.. phone excels in everything be it camera to haptics to software experience..
glad i ordered iphone 14 instead of 13 there is noticable camera improvement in low light.
+ 50% more ram makes it future proof",5
"The Apple iPhone 14 is a great choice for anyone looking for a reliable, fast and stylish smartphone. It has a 6.1-inch OLED display that delivers vibrant colors and sharp details, and a powerful A15 Bionic chip that handles everything from gaming to multitasking with ease. The iPhone 14 also has an improved camera system that captures stunning photos and videos in any lighting condition, thanks to its 12MP wide-angle lens with optical image stabilization, Smart HDR 4 and Action mode. The iPh...
READ MORE",4.6
"1.Awesome Display
2.Good Looking
3.Full day battery 🔋 backup
4.Superb Camera

Thanks Flipkart",5
battery reduced 99 % in 20 days,1
"No comments on Mobile , but in this we are not getting the Headphones in the Box.
That was disappointing me.",3
"My battery health percentage decreases by 1% in 18days only ,, sales phones are cheaper but worst quality",1
"Selfie camera is useless, a 10k Chinese phone has much better selfie camera than this.",3
"Amezing i phone is also good phone and many fituer and camera is best quality i am happy
Thank you 🍎 and Flipkart",5
"So beautiful, so elegant, just looking like a wow 🧡🧡🧡",5
Just wow! ✨,5
Product is awesome but too fluctuations in final price,4
"Everything is gr8 with this phone, what we expect from Apple. But while cameras are in use for a while I'm facing a heating issue. While video call(using wifi not on mobile data) and using camera for clicking pics it heats like doing some heavy task like gaming. So plz fix that. Battery life is maah!! average last for a day then we have to charge it.",4.6
could not down load its recipt,1
"Camera
after update Portrait mode not working",1
"Nice mobile phone, iam very impressed",5
"If you are an iphone lover, reviews will not matter to you.
If you are not an iphone lover, you can search other cool phones in this range.",5
"iPhone 14 runs super smooth performance wise absolutely Fantastic and very light weight.

Delivery service worst they take 15 days for delivery in city area it depends on you to where from you want to Buy",5
"Worst experience ever from Flipkart and Apple. My phone got issues after the return period was done. The screen stopped working. Even for claiming warranty the service centre people are asking to wait more than 10 days.

Such a worst experience from Apple and Flipkart. Highly dissatisfied.",1
"Nice phone, light weight.",5
Flipkart is the worst app ever,1
Overall a good phone. Speakers are superb.,5
"Battery 🔋 Backup is Not Good .
And the design of the phone is good and at the same time the quality of the camera is not that good, overall there is only a slight difference between iPhone 13 and iPhone 14. Sound quality is good, according to iPhone 13",4.6
Writing the review after switching from OnePlus 11 to iOS. Camera is superb. Battery is wonderful and it doesn't drain without usage like other phones. Overall satisfied...,5
Mind blowing phone,5
orginal and geniune fresh piece product delivered thank you Flipkart. and also manufactured is 2023august .,5
Good phone,5
Heating and network issue,1
Awesome For Night Camera And Day Camera And Performance 😘😘😍😍,5
"Heating while using the device.
Battery life is too short to use.",2
"Very very fast delivery, everyone is amazed that within 24 hrs, it is delivered. Open box delivery is good. Very good phone, I am happy with the overall experience.",5
Amazing phone performance so happy to get it from flipkart. Thank you so much for this phone. You are the best online shopping app,5
"Absolutely fantastic!
Ordered And Received on the same day itself. Looks stunning as of now!",4.6
Superb Thanks Flipkart For Delivering at lightning speed in just 10 Hour,5
Using for last 5 months great experience so far.,5
Awesome product 🤩,5
very nice iphone 14 good colors,5
Best phone,5
Awesome 📱 worth every penny spent on the phone,5
Amazing performance,5
Great,5
Osm performance,5
Battery backup is very low,4.6
not required reviews everyone know about apple performance,5
Wonderful Phone.. Fully Satisfied I'm using I phone for the 1st time.. and this one is the Best,5
I love iPhone,5
Best,5
Battery getting down fast,2
"The iphone 14 is a good device for day to day works, but the battery this phone has is not sufficient, it lasts long for 1 day on normal usage and on heavy usage it remains for half a day. The camera and the performance is superb but there is a drawback that the display is just of 60 hz which is not that smooth.",4
Wow nice one,4
"Awesome Product
Must buy",5
"After 2 months the phone starts hanging, now it is 3rd time that my iPhone has hanged.",3
Great product at good price.,4.6
Yellow Color is awesome in this segment,5
Nice good battery backup good camera must buy👍,5
Nice product,5
On of the best mobile phone,5
The battery back up is poor. The product gets heated very often.. not worth the price,3
Excellent,5
As usual all the excitement for unboxing an iPhone.. really mesmerizing with look and feel. Camera quality is top notch 👌..,5
"Iphone the best in performance as always.

Smooth UI . Great camera.
Great performance",5
"Camera is not markable in low light and night. I am first time user of iphone but no problem during daily routine. Everything is great except the camera, the Samsung S21 FE has better options from a camera perspective.",4
Too awesome..........,4.6
"The product is original and everything is good. Just one minor problem, there is a little gap between the top bezel and aluminium body which I have seen in a lot of iPhones lately.",4
Delicious 😋,5
mind blowing performance,5
I am in love with this. Upgraded from one plus. iOS is really wonderful with great features. Blue colour is wonderful. Camera and build quality is superb and stereo speaker are amazing,5
Good 14 ❤️,5
Best Camera quality,5
Super ❤️❣️,5
Just go for it. And starlight is lob🤍,5
Excellent experience with iPhone. Very nice product.,5
I am writing this review after 1 week of usage and the only thing I want to say about it is excellent,4.6
This is not my first iPhone. Have been using them for close to a decade now. Had 12 mini - battery back was an issue. Have for the iPhone 14 now. No complaints !!,5
Best phone ever,5
Nice phone ❤️ I PHONE 14 ❤️,5
Maza A gaya Nice product,5
"Best smartphone in this price range with overall great performance, great camera and great battery",5
🥰 lovely,5
Very nice product. Amazing 😍,5
Excellent product and camera 💥,5
"Oh !!! What a phone!!
Purple colour looks more premium.
Switching from mid range android phone to iOS is really a mesmerising feel.",5
Nice product,4.6
Great product! Made improvements in ultra wide camera compared to iPhone 13,5
Best iphone till now,5
I ordered this in republic sale in 65k. I wasnt sure that i will get new product in good condition but there is this feature of flipkart where we can check before accept product and i got totally brand new phone. So happy with service and quality.,5
"Nice phone, Genuine device and packaging. The delivery agent should be trained to not ask for OTP, until phone is thoroughly checked by customer.",5
Great experience.,5
product is awesome but price is little high,5
First iPhone user so happy with the purchase but delivery service was bad,5
Premium feel ..i phone 14 black colour best phone..*****,5
Really awesome and geniune product provided by flipkart . Thank you so much for making my life happy. All things are great not a single defect in this unit.,5
Gud phone,4.6
Great phone,5
Pam,5
"Flipkart delivery service is worst . I had to travel 150 KM to get this product. Delivery center denied delivery at home.

Iphone 14 pro-
Great perfomance no lag .
Great build quality . Feel premium
Design is good look attractive

Cons -
Battery is not good . Need to charge twise in a day
Camera is not up to mark
Display is yellowish",3
Everything is good except camera.,4
Really disappointed with display and performance. Lagging in bgmi with graphics settings smooth + extreme. Hardly 50 fps. While lagging gives 25-30 fps which is frustrating for device like this.,1
This is my First IPhone.. And the experience is super fantastic.. The smoothness of the phone I got is unbelievable. 60hz is so well optimized.. My previous android phone was of 120hz but never felt this smooth.. Also it's so light weight and looks so premium.. Really Loved it❤️,5
Amazing phone.,5
It is a performance and camera beast....,5
"What a gadget !!!
Perfect beast.",5
Nice,4.6
Love the camera💖🥰,5
After usege of 1 month battery drain 99 % 😔,1
Overheating issue...,3
"defected piece, pixels dead",1
My phone is hanged up many times in a day.,3
Mobile too heat in time of charging 😥,3
Not worth it..Camera sensor not really powerful although processing software is good. Good for videos not so much for stills.,1
Defective product overheat,1
Very nice,5
I upgraded from iphone 12. Much better than iphone 12. Love it,4.6
The moment I start using browsing battery goes down,1
After purchasing with in 3-4 days display not working properly poor performance,1
Very nice phone. Totally worth it,5
"Actually really to much expensive, we expending 70k and not giving adopter with mobile, only have brand, nothing have in iPhone, so better go Android phone only",2
"What a fabulous phone after using 1 month

I know in design it is similar to Iphone 13 but is specs aren't.
There is substantial difference in display, battery, speed as compared to iPhone 13.

Its-
Battery easily lasts more than 1 day in moderate usage.
Camera is fabulous.
Display is excellent.
Handy device.
But heats sometimes while executing smaller tasks.

I have Iphone Xs max. Its was a drastic upgrade from the same in terms of display, battery, speed ie hardware.
But more concerning is ...
READ MORE",5
This is my first iPhone I just love it,5
Since from the day 2 as I used to start the phone I have absorbed the heating issue and later on now after using it for 15 days I am facing a huge heat issue,1
Very bad,5
Best!!!!!,5
Switched from OnePlus 8t...Liked the smoothness of iPhone.,4.6
Very nice look,5
Phone is good and if it is not good still I have to say good bcz I paid big amount for this phone.,5
Wonderful phone. Much more economical and value for money than the pro version.charger not included,5
nice photo but bettery is not good as it show ok ok only better than one plus 9r etc and anytime photo is real u can effect filtered,5
Front camra is blank after few days camra is not working,1
Best product,5
the phone is beautiful,5
Awesome Product Apple Fast delivery,5
amazing product😊nice flipkart service😍I'm happy🤗,5
upgraded with my I phone 12 and satisfied with product. the experience u can get once u have it.,4.6
Nice product,5
Touch display not working properly,1
Phone not working properly. Mobile hanged and was unable to restart. Mobile network is not working.,1
!!!Enjoy with iphone 14 👍😎✌️ with great camera resolution,5
"The iPhone 14 is a standout device in Apple's latest lineup. With its sleek design, powerful hardware and improved cameras, it's a must-have for any tech enthusiast.
Pros:

Powerful hardware with the A16 chip.
Improved camera quality.
Long battery life.
Sleek design with premium build quality.
Improved display technology for an immersive experience.
Great operating system with a large app store.

Cons:

Expensive compared to other smartphones.
No headphone jack...
READ MORE",5
"Waoo so amazing I phone 14 😎😎😎🥰🥰please buy this I phone 14 series flagship 📱
📷 camera 5/5 ⭐️⭐️⭐️⭐️⭐️
Battery 🔋 5/5⭐️⭐️⭐️⭐️⭐️
Design 5/5⭐️⭐️⭐️⭐️⭐️
Display 5/5 ☄️☄️☄️☄️☄️
Value of money 💰 5/5 ⭐️⭐️⭐️⭐️⭐️",5
Good,1
Camera quality very dirty,3
"Excellent camera
Impressive design
Needs to improve display from 60hz to at least 90/120hz
Must improve battery capacity

Thanks",5
"I have been an Android user for 10+ years, I didn't like the iphone usage and interface at all. Battery life is also bad",4.6
"Just took moon photo from my mobile ,
I seriously loving Samsung S series",5
This iPhone Camera is very good👍 and Display is Really good iphone 14 is very Handi . My opinion this iPhone 14 is Valu of Money.,5
Heating issues occurring starting from day 1 not as expected camera quality is not good,1
"No need to give any review.
Its apple iphone
overall excellent performance
Wonderful camera
Smooth os
You will little bit difficult to use for few days
Overall excellent phone with 5 star rating",5
"Good performance, screen quality but camera quality is okay but I would expect better than this in case of night mode.",4
"What a phone, first time i purchased the I phone over Android, and fully satisfied on every acepects.
Camera undoubtedly ossaam.
RAM and storage also nice.
No lagging , smooth performance.
Build quality too good.
UI extraordinary.
Overall value for money product.",5
Worth buying ❤️,5
Loved it 😊,5
This is a totally monster in performance and daily usage the cons are 1. Selfie camera need to be more better 2. Ios 16 has battery drain issue hope they will fix it in next ios update(17).. conclusion if you want to upgrade to this iphone you should.,5
Awesome phone with best camera,4.6
"Battery is good am use for whole day with 4G on my meetings, chatting
The new camera effects are good",5
best phone,5
"I had high expectations when I switched from an Android device to an iPhone. However, I've noticed that the iPhone's battery is weaker, and the display always has a yellowish shade, even with True Tone disabled. I can overlook that, but the main drawback is the camera. While the video quality is great in this price range, the photos are disappointing compared to mid-range Android phones, which have better cameras. The photos lack sharpness and color saturation. Yes, you can edit them, but it'...
READ MORE",1
During Charging phone is too much have heating issues,3
Heating issue battery draining fast,1
"Not a iPhone as expected camera is average not like youtubers says , battery is fantastic, fluid ui but u wouldn't believe that I have seen frame drops in brand new piece , just shocked, overall not a great deal has multiple Android options which are much greater . Not waste of money but great .",4
"True Depth camera update
Satellite communications
Crash detection
Long battery life excellent smartphone
Sports a familiar design, notch and all. While it still rocks an A15 Bionic processor, it's at least the five-core GPU variant from the iPhone 13 Pro and Pro Max for a marginal upgrade. Satellite-to-cellular support, crash detection, and an improved True Depth camera system make the iPhone 14 a compelling purchase.",2
"As always, great phone",5
Very good mobile,5
Very nice phone,4.6
Nice product,5
sound quality is superb ❤️🤗,5
"This is one of the finest apple phone which i have purchased

The phone is working smoothly with no battery or heating issue

Also the battery performance is mind blowing giving around more than a day for normal usage..

I am 100% satusfied with the performance of the device in this price .

Thanks a lot flipcart for offering me this iphone in such a good money.",5
Battery back up is to low hitting issue,2
Batery backup very poor,1
Nice,5
Super product 😍😍😍,5
"One of the Best Phone from Apple , Battery Life Too Good with 2 Lines (1Physical , another Virtual sim) last for about one and half day for normal usage , really improved by apple , Thanks for that.",5
Valive for money,3
"Very Good product. No battery drain issue on 5G . Even with dual sim . Also support dual 5G .
Sim switching is very very Fast .
Satellite system is also integrated in this phone so you can easily track your phone without internet connection.
Awesome speed of processor.
No 3.5 mm jack .
Wifi 6 is also in this
Direct video call is not possible in this Phone .
Wireless charging heating issue is detected .
Except no heating on regular or full peak brightness use for 5 hr 49 min .
Not too muc...
READ MORE",4.6
"Pros :

Excellent camera
Good build quality

Cons :
Design is old as like as Iphone 13
Battery back up is poor
As usual no charger with phone",4
High Heating issue while charging or heavy use,3
Performance is awesome but still 60hz display feels not good at this price,5
Just loving it❣️,5
Good,4
"Not upto the mark it just like a one plus type not satisfied with camera, performance battery and all even it is being hanged also..",3
"Excellent piece of tech, thanks 🔘",5
Experience is really good 😊 ilove this iPhone my first phone apple 🍎,5
Soch a Lovely Product,5
Initually i was getting 6-7hours of sot but Apple crippled iphone with 17.1.1 now iam barely getting 5.5 hours of sot 🤯,4.6
Very good phone with good features.. but I am worried about my phone battery. With in a month the battery health came to 99%,5
Good one but over hype phone. It's just Apple marketing strategy that makes us buy this phone .I still think Android has lots of features and user friendly. Don't just buy it for camera or show up. Of course there are lots of other user experiences but if you are really going to use it then you can go for it.,4
Best camera Quality..😍Great Experience wth this Apple 14,5
Battery percentage reduced to 99 within 40days is that normal??,4
Awesome experience and also a very good discount got on flipkart Thanks a lott 🥰❤️,5
"Quality as usual, sometimes it starts to hang, camera quality is not so good. Battery is good.

I would recommend you to buy an iPhone 13 or go for pro version",4
Battery health Down in 1st Month,2
"This iPhone 14 replaces my iPhone 11. Please note that I am a long time user of Apple phones. I love Apple products. Apple products are the best of the best and soo easy to use and if I come up with a problem that I cannot fix, all it takes is a quick message to Apple's wonderful support team. This new Apple Series 14 phone that I just got from Flipkart, Exchanged iPhone Series 11 phone. I really do like this new phone. It is much thinner and lighter in weight than the Series 11 Phone which m...
READ MORE",5
"Apple is scamming people with overpriced phone less user friendly UI, less features , everything is lacking compared to android. Buy android save money save yourself after 8 year notch is still there as compared to android hahaha",3
Awesome thanks Flipkart,4.6
The phone is good but i am not sure if it is really a brand new product or not because the original seal was not there and within one month the battery life went from 100 to 99%. As I use it very gently.,3
Got good one,5
"Camera is always good. After updating to ios 17 from ios 16 the battery backup is reduced. This is really sad after paying a huge amount for this. I am a long time android user and always miss some android features which iPhone doesn't provide like call recording,. But can be manageable....
No lag no hang...works very smooth which all Apple devices do",4
Very very good project 😀😀👍,5
Everything is as expected. Works smoothly. Battery is also good. Display and Sound is great. Perfect phone 👍🏻,5
"As Apple says, this phone is beautifull! Can't seem to find anything wrong with it.",5
"Displays quality is nice but I am hardcore gamer when I play BGMI 5 hour screen on time, camera is assume.I recommend iPhone 14 Plus is better for gamer",4
Nice to buy everything which is required covered in this piece,5
The battery is not good and i thought compared to the iPhone Android is the best and I am very disappointed about the battery it will take 3% in one minute very bad after buying iPhone i just invested 4500 for adopter back pouch and screen guard,2
Alll over best but battery performance low😕,4.6
Great 👌,4
Performance good except the battery drains bit fast...,5
Best design,5
"Awesome product,wonderful experience just go for it.If ur bored of using android mobile then just go for it",5
Super se uperr Wao just wao spechless,5
"If you are using android and you are willing to switch on iPhone, that will be a biggest mistake of your life. Phone has nothing just showpiece. Android is best by Google pixel instead.",1
The phone is quite handy and good to use. Battery backup is also very good. Camera is good as well. Overall a great product for the money that we are paying.,5
"So beautiful, so elegant, justttt looking like a wow justttt looking like a wow",5
This is a best phone,5
Very nice product,4.6
"Excellent Product with in this budget , and great delivery experience from flipkart. Camera is top notch level and the battery performance is very well. If you are a medium range user (4-5 hrs screen time ) the battery will give you minimum 1 day.",5
Night view,5
So beautiful ❤️ so elegant just looking like a wow❤️🤣🤣🤣,5
Extra ordinary performance.. if you have money you should definitely buy this one. You will be full satisfied with this phone .. its far better than I phone 13.,5
Super,5
Super,5
Nice phone like apple,4
"Performance awesome 5*
Design 5*
Display 5*
Camera 4*
Battery 4*",5
Heating,1
The White Colour Is So Superb😍 And Over all the Phone is Amazing,4.6
Osam 👌this phone is a very very smooth running,5
Awesome,5
Apple is a brand. So just a normal review because it does not need any review,5
"I phone 14 is best phone but
Battery is low performance
Display refresh rate is very slow
Charger ging speed is very slow
And I am not satisfied for charging",3
"Now I realised that why all youngsters love to use iphone its great iPhone by apple only flipkart exchange team is not supporting and make problm with your exchange phone
Itherwise its great",5
The product was working fine for first 10 days .Then just after I updated it to iOS 17 . The following day it suddenly turned off and isn't working since then and Flipkart is not giving any useful to suggestions regarding this . Quite disappointing.,1
"iPhone is iPhone
All good",5
"As you all know that i phone is the best in class but however i am writing this review
Camera _5 star
Display refresh rate i found less but display quality is very good",5
Finally got an iPhone. Love the camera.,5
Nice,4.6
Amazing experience after using I phone 14,5
"Pros :-
Best camera in this budget
Great performance
Best os experience
Cons :-
Charging speed could be better
60hz refresh rate dislplay in 2k23",5
This is my first ios device and I am completely satisfied with the product. But the delivery experience was so bad that the delivery executive handled the situation very carelessly. Device itself feels super awesome and the camera is really outstanding. I feel like i am never turning back to android ever again.,5
Great product.,5
This phone battery to much heating back side to much heating,3
Without an adapter is a great dissatisfaction.,3
"Beautiful Design and powerful performance.
Camera Quality is Awesome.",5
Awesome,5
Nice 🙂❤️💯🎉,5
Superb,4.6
Nice,5
Nice phone,5
Very nice picture quality,5
"Dual sim issues,network is fluctuating while using two sims,Internet does not work.",1
Just awesome,5
"Everything perfect
Battery backup awesome
Display and Camara Also great",4
Product is really not fake,4
Nice camera quality and phone is always awesome,5
The battery backup is very bad. It does not even last for a day.,1
Product quality is average but Flipkart service is very bad,4.6
"It is amazing ! Was really scared that I might get a soap 😂

But to my surprise I was complete satisfied with the delivery and the product.

It is genuine and good 👍",5
"Smooth performance smooth camera
Average better
Best display
Best design",5
Extraordinary purchase at big billion days,5
Nyc product experience is very good 😊,5
Everything is Fabulous except the ios as it has so many restrictions.,5
Very good praformence and very nice lovely 😍,5
Very good,5
I love this phone,5
Wonderful ..After16 years using android shifted to iIphone. Feels premium in hands Intelligent function save your time if you know how used IPhone. Sound Cristal clear. Build quality and finishing superb. Got a small island display in left side which indicates running function so wont feel regret of function of Dynamic Island IPhone 15. Overall value for money IPhone 14 and delighted and excited while using.if you are passionate then go for blindly you will not get remorse.,5
The quality of camera is very poor,4.6
Everything is looking good. Expect human.,4
I bought this phone on 10 October 2023.before I was using IPhone SE 2.then I wish for an upgrade due to low battery backup.IPhone 14s battery also draining so fast.Heating is the another complaint for this phone. This is my genuine opinion about this product.so for this price range this phone is waste of money.latest software update also done.still problem not solved.,2
"The phone is good for 20k
Not worth 50k! The battery drain is super fast! Like even at night when there is no activity happening! Battery durability should be improved",2
Same as iPhone 13.....,4
Waste,1
"Just super awesome deal I got this spectacular phone in just 52k

M so so happy",5
I received it on 4th Oct. Since the very next day I am facing severe heating issue on my phone. Had to contact Apple support multiple times but the issue is not yet resolved. I used Iphone11 for 4 years and never faced such issues. This is the worst product and not at all recommendable. Total waste of money.,1
Brilliant display and camera quality is awesome,5
It is the first iPhone that we have purchased and the experience is really amazing. The phone looks very premium and experience is literally flawless 💯🔥,5
Just say Amazing💥,4.6
Phone is good. Flipkart ekart service is pathetic.,2
Marvellous camera and slick design 💜,5
Good phone,5
Awesome product,5
"Just Amazing 🥰!
Camera performance is just Awesome ❤... But Battery performance is not that pretty good especially while recording videos.. However you get an improved camera system that delivers better low-light performance, an Action mode for super steady video which is just wow 😍!",5
Amazing mobile ever,4
Good,5
Excellent 👌🏻,5
Nice from Shanki mobile tosham,5
"Mobile is beautiful , camra is ultimate i am love with this camera, battary is quite good
Its a totally worth it , if u want to buy you can go for it",4.6
Preety average camera,3
"I purchased this product on 24/10/2023 i checked the product display, audio, video, camera test every thing is good apart from that flipkart delivered me this product before the day of delivery that's very nice and impressive.",5
Perfectly balanced phone .,5
Super,5
It's overheating when we put charge like iron box,1
Best,5
Awesome purchase . Totally satisfied. Thank you flipkart .,5
"Timely delivery, happy with the product, still exploring the product 👍",5
This phone was amazing 🫶🏻,5
"I purchased iphone during the Big Billion Days sale, and I was pleasantly surprised by the exceptional quality of the packaging. Moreover, I received the phone just two days after placing the order, which is a testament to the outstanding service provided by Flipkart.

Now, let's not dwell on the incredible qualities of the iPhone 14, as we all know how exceptional it is. What I want to highlight is the outstanding service provided by Flipkart. They managed to get me the iPhone 14 for only a ...
READ MORE",4.6
Very worsted mobile and heavy heat,1
I phone is a i phone everything is perfectly done,5
I gifted to my wife.. nd she's loved it,5
Result is much good as exception,5
"Superb phone, on-time delivery with open box facility.
Lot of positive features with one negative (no Charger) provided with the phone.",5
"All rounder 🔥🔥🔥
Thanks for Flipkart 😊😊",5
Name is enough 🤩,5
Nice product 👍,5
Nice performance 👍,5
Nice photos 💕🙏camera quality good👌🔥😚,4.6
Super phone in this price🥳🥳🥳,5
Superb camera quality,4
Photo like dslr,4
Nice product and nice all I phone is best,5
Nice,4
Good performance,4
Nice product,5
This one is literally out of expectation. Best one over this price range.,5
Good phone,5
Recieved brand new phone.,4.6
Mobile Hang issue,1
Just awesome,5
Awesome product.,5
Really amazing,5
"Feeling very premium...
Color is very very good....

Better than Black Starlight and others",5
Awesome feature nd performance.,4
"Purple🟣... Loving it.
1. Battery is good.
2. Camera is awesome.
3. In hand feeling very nice.
4. No issue with performance.
5. Design beautiful.",5
Best one,5
"Iphone is getting too much heat while connecting to charger, i am using original accessories and did not turn on any mobile network when it is on charge, still it is getting heat",1
Camera quality is veryy good but the screen size is a bit small overall good product.. loved it,4.6
Best color ever,5
Great performance with good camera quality. Battery performance is okay only.. overall product is provided by Flipkart is awesome,5
I think no need to explain when thinking about iPhone,5
good 👍😊,5
AWESOME PRODUCT,5
"My first experience of this iPhone 14 after android phone. Amazing camera quality, good battery life, beautiful colour, nice display, decent performance, overall phone is so beautiful and amazing. 😍😍❤️, I bought this phone in 57k from bbd sale. Tnx flipkart and apple 🍎",5
"Really a awesome device is this(i phone 14), and the flipkart platform for purchasing is also quit fabulous.",5
I love ❤️it,5
"Amazing Purchase

I have order Iphone 14 and got it next day ..!
I have got good geniune product with Reasonable price . I have checked the geniunety of iphone by following all various steps .
Thank you flipkart",5
Over heating issues,4.6
"Good Product.
Camera expectations not met.",5
My first iPhone and this is the first most expensive thing I bought with self earned money. ☺️,5
Amazing phone,5
Good phone. High quality camera and good battery backup. But refresh rate of 60Hz really is a bummer. Especially if you are shifting from 120 hz phone,4
"I upgraded from onenplus 5T..than ran smooth for 6 years..and still running.
Pros- you get a perfect fine display,camera takes some Excellent shots in both day n night,battery is pretty good lasts almost 1 and half days.

Cons- you will miss some of the features u were enjoying on Android..no AppLock,no fingerprint sensor,lags in smooth refresh

Ps- it's a review after using apple for 15 days.",5
Not worth money...,1
Over Heating,1
very bad phone i didn't like it i would recommend purchase nokia 3310 instead of it,1
"Very good performance, I like the camera as well as the performance of the phone,but there is one issue if i turn on the true tone the battery decreases very quickly,Although a very good and handy device
Must buy it",5
Apple always good,4.6
Thanks,5
Good phone except the heating issue while charging.,4
Good,5
Loved it,5
Good,5
"First and foremost, the Product Red variant is absolutely gorgeous. The vibrant red colour not only makes a bold statement but also supports a noble cause, as a portion of the proceeds goes to the Global Fund to fight AIDS. Sleek and stunning design. iPhone 14 also exhibits remarkable speed and responsiveness, thanks to its powerful A16 Bionic chip. Whether I'm multitasking or playing graphics-intensive games, the phone handles everything effortlessly.

The camera performance is, as expected...
READ MORE",5
Upgraded from iPhone 11 and OMG!!! The performance feels amazing and the camera quality is top notch ❤️❤️❤️,5
"Camera and Display are good. Battery lasts for one day for medium usage. Overall Apple is good in hardware. Moving from Android hence taking time to get used to iOS. Some features in Android are better like swipe on side to move back, notifications swipe down from anywhere in the screen instead in iOS have to go all the way to top and swipe down to pull notifications. For now Android user experience is better. Don't know if it will change after getting used to iOS.",5
Worth to buy,5
I am so happy 😀 Awesome My IPhones 14 ❤️Worlds Best Phone I am Fast Using IOS Apple Love its 😍 Excellent Display Best Upgrade Battery Halt Excellent Performance Mind Blowing Price big billion day love it I am so Happy Best Of Market is Thanks for Flipkart 👍🏻👌❤️,4.6
"Overall product is very good , i am loving to use it",5
"Though size is 6.1 inch written in specification, display is smaller than iphone XR which is also 6.1 inch.",1
Nice picture quality worth for buy it.,5
"Overall good performance.
Nice phone in 50 k.",5
Very good 👍,5
Nice,4
Super,4
Nice,5
Awesome,5
Cool,4.6
Amazing phone 🥰🥰🥰🥰,5
Perfect,5
Perfect,5
Amazing,5
Great our first iPhone ever.,5
Better for gaming and photography🔥,5
Good quality product. Super mercy phone. Always attractive than other phones. But Battery back up is lagging one ever,5
"Received a problematic phone. While transferring old I phone data, the new one starts software updating and the process never ends even after waiting 8-10 hours. Tried many times. Return options list does not have this options.",1
Poor quality Charging cable,1
"I switched from Android - Pixel 4A to iPhone 14. The first thing I missed was the navigation gesture - so convenient and user friendly in Android. Rest almost all are good, especially the hardware is very good and seemingly will last for 3 years. May it take some time to get used to the iOS.",4.6
"Very poor performance waste of money..can't be compared with Samsung galaxy or s series ,samsung offers value for money.everything is chargeable and poor camera... for this price range you will have much more better options in premium. Hyped product..not user-friendly... ready to return..poor camera poor os",1
Premium smartphone fell good,4
I like this product,4
Good,5
Amazing experience switching Android to iOS battery backup ok ok,5
Good iPhone 14,5
"Battery performance good
5g networks clear voice and sound quality good.
Overall good buy.",5
nice,5
I love this 💕,5
"Best phone at a good deal price.
Pros:
1. Best Camera you get.
2. Good battery life.
3. Super smooth UI
4. Fast processing no lag at all
5. Ecosystem is the next best thing in this.
Cons:
1. No USB C port
2. Like phone accessories is also costly.
3. No charger in the box.",4.6
"My first iPhone. Always a special one
Best build quality
Best camera
Best sound quality
Nice performance overall",5
Great phone with great features,5
"The iPhone 14 is a solid upgrade over the previous model, with key improvements in the camera, performance, and battery life. If you're looking for a new smartphone and can afford the price, the iPhone 14 is a great choice.
Excellent new camera system
Fastest mobile processor ever made
Improved battery life
Bright and vibrant display",5
Loved this Phone,5
"Awesome mobile, even after launching 15 I will recommend to go for it.",5
Thank you so much flipkart very nice delivery and product will be guided,5
i love this mobile look is amazing just go for it,4
My first iPhone and experience is too good. Camera is good and battery performance is also decent. 1 days backup with normal use.,5
Heating after 2 tdm matches but total worth it,4
"I bought this for my brother an Android user, he says he is going to stick with iOS in future.",4.6
"Absolutely delighted with the iPhone 14 in light purple. This phone is a style statement and a powerhouse of performance. The camera quality is exceptional, and the display is crisp and vibrant. The smooth operation and impressive battery life make it a top choice. Plus, the light purple color adds a unique touch of elegance.
Highly recommend!",5
My first iPhone. it's very good,4
Good product but price is increased.,5
"Phone came with excellent packing with a fully functional display. It was without any scratches, and I am damn satisfied with flipkart. You should definitely go for this.",5
Nice mobile clear photos good battery backup and awesome camera,5
So far so good,5
"Great product, user experience is not as good as Android, but i got this in 53k at a good price.",5
Battery and Camera need to be improved,4
Awesome product 🤩🤩🤩,5
"Upgraded from iPhone X to 14. Definitely a lot of plusses through the generations I skipped.
Pros:
1. Super smooth scrolling and fluid experience. Crisper text easier to read.
2. Beautiful screen that is much brighter in day light and shows true-to-life colors.
3. Speaker throws out a richer base-er sound along with crisp higher frequency sounds.
4. Camera is much better with controls and light sensitivity. I skipped 13 especially for the photonic engine. Low light performance is so much mo...
READ MORE",4.6
Perfect phone 😉,5
"I really like it this beautiful iPhone💖
The iPhone 14 is a very good phone for the money, offering improved cameras, a faster A15 Bionic chip and fun Action mode for video capture.",5
Satisfied,5
Camera is so good but battery is a not good but good 😊 anyway happy,5
Amazing Performance 💯,5
NYC product,4
Superb product . Awesome camera color is also good .display is awesome.sound is also good also recommended for gaming . All over a complete pakage i say.,5
"Except battery, phone is too good. I was expecting bit more battery capacity.",4
Not good at all!,1
East or west iPhone is the best,4.6
Marvellous piece what I have received today,5
Great and awsome,4
Loved it❤️,5
"This is very good compare to iPhone 13, personally I like it",4
Camera quality best,5
Very awesome,5
My first iPhone and I suggest everyone to go android to ios😎😍😘👍🏻,5
"Good performance
Good quality",5
All good! Works Great!,5
Good device,4.6
Best phone ever 💕💕💕💕,5
This is the best,5
Awesome,5
Mind-blowing phone 👌💕,5
battery draining is so fast,4
"If you want best viewing experience, then go for it.. must buy 👍🏼",5
Product is good but not that good android is always better,3
Money gone but its worthy . Apple never failed to impress users,5
nice product,5
"Mind-blowing purchase, I love this product.",4.6
"Feels Premium.
Camera quality is Good
Display is Best
Battery has also improved",4
Very Good phone in all the matters.,5
Cable not working,1
Beautiful experience,4
"I got it for 50k in BBD sale..
It have smooth and fast operating system..
This is my 1st iPhone...
It will take time to habituate...
Looks wise great but little bit small...
If you want bigger size go for plus it is worth...
Thank you....",5
Camera is awesome. I switched from android to iOS. Build quality is superb,5
The product was very good. The cameras are fabulous. The battery is a bit less but it runs 6 hrs on medium tasks.The display is very nice.The performwnce is also pretty good.,5
Waste money camera and battery bad quality,2
"Absolutely best premium phone under 60k love it 🥰 .
Everything is perfect in this phone 📱",5
Good,4.6
I am shifting from android to IOS so I have no experience of ios but the battery and quality of the product is awesome,5
good,5
Very good product,5
Good product,5
Too good,5
Classy ✨✨✨,5
Good product 👌,5
Excellent product. Thanks Seller. Thanks delivery services and delivery man for providing it so early. Thanks Flipkart,5
My first iPhone,5
It's a powerful phone with loaded features and many more. 🤩,4.6
"I phone14 is superb,camera quality battery performance excelent, Thank you flip kart for
The Amazing offer.",5
Best Phone in this price range 💕💕💕💕,5
Worth product,5
Everything is great except battery life,5
Nice 1 go for it.,5
"It was my first buying experience for iPhone, and in all honesty I was little worried, but thanks to Mr Ashish my help assistant from customer support and Mr Sushant my delivery partner, my experience was very good, thank you Flipkart and special thanks to Ashish and Sushant",5
Perfect phone for middle class people,5
Amazing iPhone super fast I upgraded for all my family members luv it ❤️❤️,5
"Really powerful and impressed

So its a year now I have been using this device, without a doubt it has surpassed my expectations. Am not going to tell you about the display and other stuffs. You all know there is no phone available that even comes close to iPhone.
iPhone 14 has excellent camera can easily hold up for 2-3 more years (if you are a pro photographer) it may vary but for 99/100 users this phone gives you the best shots possible. Special mention to portrait made, the pics are insan...
READ MORE",5
"This is the first time from ages an Android user buying an iPhone, Experience is awesome, camera is excellent, battery is good . Overall a nice purchase you won't regret buying.",4.6
Original product received thank u Flipkart,5
Thanks Flipkart 🥰,5
Nice big billion ❤️😁❤️😁,5
"The experience has been really good. The weight of the phone is significantly lighter than iPhone 11. The OLED screen is amazing with higher resolution providing more content on the screen. And this has 5g. The phone is snappier than my previous phone. But coming from an iPhone you really wont notice much difference since the experience is the same. After the restore everything looks and feels the same, thats really good",5
All good and battery performance bit less .,5
"Feels average if you are coming from an high end Android phone like S23 Ultra or Pixel 7Pro etc., otherwise feels pretty premium.",4
super excited mobile iphone 14,5
"Lightening delivery by Flipkart
Phone is just awesome 😎",5
I'm sorry happy,5
Just on word superb!,4.6
Nice product,5
BEST VALU FOR MONEY PRODUCT AND LOOK IS SO OWSAME.,5
Prices is good,3
NICE,5
Average but expensive,4
Good,5
What a incredible device just awesome 🤌🏻❤️,5
It's best 😁😁,5
Good performance phone,5
🔥🔥🔥🔥🔥🔥🔥🔥🔥🔥 just wow.......,4.6
The best,5
nice,5
Very good,5
"Product good
and good service Tq",5
Nice product😍,5
Awesome 👌 👏 👍,5
Another awesome phone by apple,5
Good product and safely delivered by flipkart overall is good,5
Excellent product... good service offered by the Flipcart official,5
Amazing phone with amazing camera,4.6
Excellent product..,5
Super,3
Nise I love it thank you apple,5
Wonderful,5
Best,5
Very nice ☺️,5
Product is good and awsome,5
Fantastic,5
Very good,5
My first iphone journey begins with purchase from flipkart,4.6
Brand is enough.,4
good,3
It's a beast in its segment,5
Very nice,5
Nice,5
"Display, Performance, Battery Life is absolutely perfect. Upgraded from iphone SE(2020) to iphone 14. Camera is on another level. Loved it.",5
Thank you,5
So beautiful 🥰 Gud nd Real product Thnk you so much 😊,5
Nice 👍🙂,5
It's iPhone what more you want to know..,4.6
Ok,5
Very good experience,5
Best part camera,4
Good product,5
Good,4
"My sister loved this color, this phone is amazing! Nice cameras, great OLED display, battery life is great too.",5
"thank you for quick service as mentioned in the website. Just one serious observations at the time of exchange of old iphone , they took 3 hrs to check the old mobile.. this is too much time u have taken",5
Damaged priduct,1
Battery draining problem noticed.,2
Flawless performance for the past 3 months. Was using android phones till now. I think android is much easier to use on a day to day basis. IOS is also good but more complicated to use. Phone is perfect.,4.6
"I bought red variant of this one. It's truly amazing. Everything is perfect, but the battery should be improved. Switched to iOS from Android. Mobile's cooling system is good. I think it's no need to talk about the camera quality 💥💥",5
Battery will be better. After using for 4 months a very good experience by ios,5
amazing!,5
Excellent,5
Satisfying,5
Super quality best product,5
Awesome battery is full day use and camera quality is always happy to seen,5
Very nice very good iPhones. Must buy for premium smartphone lovers,5
"Very bad experience with purchase, the phone is always restarting",1
Not satisfied with the purchase I would probably sell it,4.6
Very nice photos.,5
Camera performance low,3
Nice product 😃,5
Very good product,5
Amazing,5
Amazing,5
Producing huge heat compared to other models,3
Just Awesome!!,5
Best 🫡,5
Good product but expensive,4.6
Everything is good,4
Super product,3
"Best product I phone 14 128 by Flipkart
Thank you Flipkart
My name Rakesh Banjara",5
"What a product. Impressed with its,
- Performance
- Battery back up
- Camera
- Features

Overall am impressed with this product.",5
Nice products and earliest delivery,5
Superb,5
Nice colour go for it.,5
"Superb Look
Excellent Camera
Marvellous Battery Life",5
Awesome 😍❤️🤗,5
"Perfect of All Times.
Best in Battery Life, Charging Speed,Quality ,Camera and the Comfort of its Size..
Love it
Camera is Insane for Camera Lovers. Night Modes are Excellent",4.6
Product is very cool and i loved it his performance 😊,5
Great product.Fantastic performance.,5
Good,5
This is amazing,5
Product colour very beautiful and camera quality excellent.,5
"This is my first time using an iPhone and the experience has been nothing but seamless and amazing to say nonetheless 💯

The only issue thus far has been a lil bit overheating while charging",4
Ncie,5
My first iphone. Thanks filpkart,5
Ok,5
Good,4.6
"This is worst product I recieved in my lifetime.

Always regret.

Not working my iphone properly",5
Nice,5
"Thank you Flipkart
Camera awesome
Display good",4
"What is more there to say for any Apple product amazing in its style, innovation memory camera every thing just comes to a perfection that is what what we call Apple",5
Camera betray display such a wow,5
Excellent phone,5
Good product,4
Disgusting,1
"I am using the product since quite a while now, I was previously having XR and this is 100% an upgrade on the same. Battery life is good and phone is a bit handy as well, though not as good as mini phones. Camera has definitely improved a lot in last 4 yrs and that's a massive upgrade. Altogether a great product and a no brainer if you are looking for a 5g handset with decent performance.",5
iPhone is iPhone. It was an upgrade from iPhone x to iPhone 14 . Its always for my wife.100% satisfied with product and delivery,4.6
Excellent,5
Excellent and battery performance also good,5
Very good product,5
Wonderful product ❤️,5
Good,4
Nice li,5
Good,5
Good,5
Great 👍,5
Simply superb,4.6
nice cool,4
nice display,5
Great camera specially auto focus top notch performance,5
My charger cable is not working,2
"Normal iphone performance, nothing new. Average iphone.",3
Perfect colour... Looking at the next level with the apple symbol..,5
Good.,4
"All day Battery life, no heating, extreme smooth performace.
I would suggest getting iphone 14 over iphone 13 as it has 2 extra GB ram iphon 13 pro processor",5
Super,5
Phone is amzing performance superb display,4.6
I just want say that its a amazing phone i ever used and the performances are fabulous,5
Great product and performance,4
Awesome,5
Product is superb and camera quality is excellent,5
Verry nice,5
My data cable is not working,1
Great product,5
Excallent item i phone 14,5
Product is good,5
Genuine product and deliver on time .. thanks alot,4.6
Wow colour,5
"I am in love with this phone, the colour is awesome, picture quality unmatched. Worth the hype!",5
Quality awesome,5
No words to write. It's really awesome.,5
Design superb,5
very nice,5
I love I phone🥰🥰🥰🤗🤗🤗🤗,5
good,5
"Within one day we got the delivery thanks Flipkart, nice delivery person he showed everything in front of me am very much happy and satisfied with service and mobile it's my dream comes true 😍",5
Superb ❤️,4.6
"We can say tha it is value for money product , great camera quality, eye catching design.",5
"Battery heats sometimes , and for those who are saying brightness is low there are two settings for brightness turn that on in accessibility go to display and text size and click the reduce white point for bright display",5
Good phone,3
Wonderful,5
Perfect,5
Just shifted to iPhone from Android. Its Good.Good Battery Back Up. For normal use it's good.,5
i have given gift to my wife on birthday 😍 updated from iphone 7 to iphone 14 .,5
Feeling bad shifting to ios pathetic experience my Samsung f12 far bbetter,1
Overall good delivery and quality,4
Nice phone with great performance and battery,4.6
Loved one🤌💕😍,5
Good camera,5
Excellent phone and outstanding camera,5
Fabulous,5
Front Camera 3 to 4 star,4
Exited,5
Amazing phone iphone 14 😍😍,5
BEST PHONE 📱,5
Amazing !!! don't think twice just go for it 🍎💙,5
Nice...,4.6
Soooperb camera and brilliant performance 😘😘😘😘😘😘,5
Good but small screen,5
"Camera: Rear Camera is Too Good
Front Camera : Average
Performance : Beast
Security : Best
Software : Best

iPhone 14 is a complete package, go for it without any hesitation. This phone changed me from Android Fanboy to iPhone fanboy.",5
Very good and awesome Delivery is very Bad,5
I think this time apple surely has compromised with the display quality of the base variant.,3
Just go for it don't even think of any another brand,5
Fantastic product from apple. Was worried about delivery. Flipkart has ensured safe and tension free delivery,5
OSM,5
Good,5
Very good,4.6
The battery life is best on iPhone,5
Heating problem exists,1
Very nice,5
Good and amazing product and camera are sexy,5
"Awesome bought it on flash sale days

Awesome camera
Awesome battery back up",5
Good,5
Best phone I have ever experienced.,5
This my first I phone and I'm so happy,5
good but price is high,4
I obsessed with my i phone 14,4.6
"From Android to ios , Very good Experience , Videos and Photos Quality are Far Better than mobile I have used in the past",5
"Good phone
Nice in one",4
I love the phone i purchased it to gift my husband the camera battery everything is fine thanks a lot for the fast delivery,5
Thanks,5
My dream phone,5
Awesome product,5
Excellent 👌,5
"amazing picture quality , love you Apple .",5
Nice product i am so happy😊😊😊,5
Nice,4.6
Wow,5
Superb product love it ❤️,5
iPhone 14 amazing phone and flip kart delivery excellent service provide,5
Great phone with great features..,5
All is good,5
Very good product,5
Apple always doing best,5
"Best In Segment and blue colour looking super, camera best ever and best phone ever",5
Excellent product loved it recommended,5
Very nice phone iPhone 14 Great !!!!!!,
